{
    "blueprints": {
        "TestEntity": {
            "desc": "A test blueprint",
            "components": [
                "Transform"
            ]
        },
        "TestEntity2": {
            "desc": "A test blueprint 2",
            "components": [
                "Transform"
            ]
        },
        "Camera": {
            "desc": "A camera",
            "components": [
                "Transform",
                "Camera"
            ]
        }
    }
}