{
    "blueprints": {
        "TestEntity": {
            "desc": "A test blueprint",
            "components": [
                "WorldTransform"
            ]
        },
        "TestEntity2": {
            "desc": "A test blueprint 2",
            "components": [
                "WorldTransform"
            ]
        },
        "Camera": {
            "desc": "A camera",
            "components": [
                "WorldTransform",
                "Camera"
            ]
        }
    }
}