{
  "Nebula": {
    "Materials": [
      {
        "name": "Classic rendering",
        "virtual": true,
        "desc": "Virtual material used for the default variables available to an object",
        "variables": [
          {
            "name": "AlbedoMap",
            "type": "textureHandle",
            "defaultValue": "systex:placeholder"
          },
          {
            "name": "ParameterMap",
            "type": "textureHandle",
            "defaultValue": "systex:default_material"
          },
          {
            "name": "NormalMap",
            "type": "textureHandle",
            "defaultValue": "systex:nobump"
          },
          {
            "name": "MatAlbedoIntensity",
            "type": "vec4",
            "defaultValue": [
              1.0,
              1.0,
              1.0,
              1.0
            ],
            "min": [
              0.0,
              0.0,
              0.0,
              0.0
            ],
            "max": [
              10.0,
              10.0,
              10.0,
              1.0
            ],
            "edit": "color",
            "desc": "Material albedo multiplier"
          },
          {
            "name": "MatSpecularIntensity",
            "type": "vec4",
            "defaultValue": [
              0.0,
              0.0,
              0.0,
              0.0
            ],
            "min": [
              0.0,
              0.0,
              0.0,
              0.0
            ],
            "max": [
              10.0,
              10.0,
              10.0,
              1.0
            ],
            "edit": "color",
            "desc": "Material specular reflectivity index"
          }
        ]
      },
      {
        "name": "PBR + IBL",
        "inherits": "Classic rendering",
        "desc": "Virtual material used for all PBR + IBL based materials",
        "virtual": true,
        "variables": [
          {
            "name": "MatRoughnessIntensity",
            "type": "float",
            "defaultValue": 0.0,
            "min": 0.0,
            "max": 1.0,
            "desc": "Material roughness multiplier"
          }
        ]
      },
      {
        "name": "Alpha test",
        "virtual": true,
        "desc": "Base material for all materials which require alpha testing",
        "variables": [
          {
            "name": "AlphaSensitivity",
            "type": "float",
            "defaultValue": 0.0,
            "min": 0.0,
            "max": 1.0,
            "desc": "Alpha clip sensitivity, every value below this will cause the pixel to become discarded"
          }
        ]
      },
      {
        "name": "Alpha blend",
        "virtual": true,
        "desc": "Base material for all materials which require alpha testing",
        "variables": [
          {
            "name": "AlphaBlendFactor",
            "type": "float",
            "defaultValue": 0.0,
            "min": 0.0,
            "max": 1.0,
            "desc": "Alpha blending value"
          }
        ]
      },
      {
        "name": "Static",
        "inherits": "PBR + IBL",
        "vertexType": "3f|3f|2f|3f|3f",
        "desc": "PBR + IBL based dielectric/metal material.",
        "group": "Standard",
        "passes": [
          {
            "batch": "Picking",
            "shader": "picking",
            "variation": "Static"
          },
          {
            "batch": "SpotLightShadow",
            "shader": "shadow",
            "variation": "Static|Spot"
          },
          {
            "batch": "PointLightShadow",
            "shader": "shadow",
            "variation": "Static|Point"
          },
          {
            "batch": "GlobalShadow",
            "shader": "shadow",
            "variation": "Static|Global"
          },
          {
            "batch": "FlatGeometryDepth",
            "shader": "static",
            "variation": "Static|Depth"
          },
          {
            "batch": "FlatGeometryLit",
            "shader": "static",
            "variation": "Static|Environment"
          }
        ]
      },
      {
        "name": "Static + Alpha test",
        "inherits": "PBR + IBL|Alpha test",
        "vertexType": "3f|3f|2f|3f|3f",
        "desc": "PBR + IBL based dielectric/metal material, but with added alpha testing.",
        "group": "Standard",
        "passes": [
          {
            "batch": "Picking",
            "shader": "picking",
            "variation": "Static"
          },
          {
            "batch": "SpotLightShadow",
            "shader": "shadow",
            "variation": "Spot|Alpha"
          },
          {
            "batch": "PointLightShadow",
            "shader": "shadow",
            "variation": "Point|Alpha"
          },
          {
            "batch": "GlobalShadow",
            "shader": "shadow",
            "variation": "Global|Alpha"
          },
          {
            "batch": "FlatGeometryDepth",
            "shader": "static",
            "variation": "Static|Depth|AlphaMask"
          },
          {
            "batch": "FlatGeometryLit",
            "shader": "static",
            "variation": "Static|Environment|AlphaMask"
          }
        ]
      },
      {
        "name": "Static + Alpha blending",
        "inherits": "PBR + IBL|Alpha blend",
        "vertexType": "3f|3f|2f|3f|3f",
        "desc": "PBR + IBL based dielectric/metal material. With alpha blending.",
        "group": "Standard",
        "passes": [
          {
            "batch": "Picking",
            "shader": "picking",
            "variation": "Static"
          },
          {
            "batch": "FlatGeometryAlphaLit",
            "shader": "static",
            "variation": "Static|Environment|Alpha"
          }
        ]
      },
      {
        "name": "Skinned",
        "vertexType": "3f|3f|2f|3f|3f|4f|4ui",
        "inherits": "PBR + IBL",
        "desc": "Skinned version PBR + IBL based dielectric/metal material, but with added alpha testing.",
        "group": "Standard",
        "passes": [
          {
            "batch": "Picking",
            "shader": "picking",
            "variation": "Skinned"
          },
          {
            "batch": "SpotLightShadow",
            "shader": "shadow",
            "variation": "Skinned|Spot"
          },
          {
            "batch": "PointLightShadow",
            "shader": "shadow",
            "variation": "Skinned|Point"
          },
          {
            "batch": "GlobalShadow",
            "shader": "shadow",
            "variation": "Skinned|Global"
          },
          {
            "batch": "FlatGeometryDepth",
            "shader": "skinned",
            "variation": "Skinned|Depth"
          },
          {
            "batch": "FlatGeometryLit",
            "shader": "skinned",
            "variation": "Skinned|Environment"
          }
        ]
      },
      {
        "name": "Skinned + Alpha test",
        "vertexType": "3f|3f|2f|3f|3f|4f|4ui",
        "inherits": "PBR + IBL|Alpha test",
        "desc": "Skinned version of the static PBR + IBL based dielectric/metal material, but with added alpha testing.",
        "group": "Standard",
        "passes": [
          {
            "batch": "Picking",
            "shader": "picking",
            "variation": "Skinned"
          },
          {
            "batch": "SpotLightShadow",
            "shader": "shadow",
            "variation": "Skinned|Spot"
          },
          {
            "batch": "PointLightShadow",
            "shader": "shadow",
            "variation": "Skinned|Point"
          },
          {
            "batch": "GlobalShadow",
            "shader": "shadow",
            "variation": "Skinned|Global"
          },
          {
            "batch": "FlatGeometryDepth",
            "shader": "skinned",
            "variation": "Skinned|Depth|AlphaMask"
          },
          {
            "batch": "FlatGeometryLit",
            "shader": "skinned",
            "variation": "Skinned|Environment|AlphaMask"
          }
        ]
      },
      {
        "name": "Skinned + Alpha blending",
        "vertexType": "3f|3f|2f|3f|3f|4f|4ui",
        "inherits": "PBR + IBL|Alpha blend",
        "desc": "Skinned material which uses a mesh with joint indices and joint weights, and is also alpha-blended. Useful for characters. Affected by lights.",
        "group": "Standard",
        "passes": [
          {
            "batch": "Picking",
            "shader": "picking",
            "variation": "Skinned"
          },
          {
            "batch": "FlatGeometryAlphaLit",
            "shader": "skinned",
            "variation": "Skinned|Environment|Alpha"
          }
        ]
      },
      {
        "name": "Tiled",
        "virtual": true,
        "desc": "Base material for tiled UVs",
        "variables": [
          {
            "name": "NumXTiles",
            "type": "int",
            "defaultValue": 1,
            "min": 1,
            "max": 64
          },
          {
            "name": "NumYTiles",
            "type": "int",
            "defaultValue": 1,
            "min": 1,
            "max": 64
          }
        ]
      },
      {
        "name": "Multilayered",
        "vertexType": "3f|3f|2f|3f|3f|ub4",
        "inherits": "Tiled|PBR + IBL",
        "desc": "Special material used for meshes with vertex colors. RGB controls the influence of each texture layer in order 1,2,3. Affected by lights.",
        "group": "Terrain",
        "passes": [
          {
            "batch": "Picking",
            "shader": "picking",
            "variation": "Static"
          },
          {
            "batch": "SpotLightShadow",
            "shader": "shadow",
            "variation": "Static|Spot"
          },
          {
            "batch": "GlobalShadow",
            "shader": "shadow",
            "variation": "Static|Global"
          },
          {
            "batch": "PointLightShadow",
            "shader": "shadow",
            "variation": "Static|Point"
          },
          {
            "batch": "FlatGeometryDepth",
            "shader": "static",
            "variation": "Static|Depth"
          },
          {
            "batch": "FlatGeometryLit",
            "shader": "multilayered",
            "variation": "Static"
          }
        ],
        "variables": [
          {
            "name": "AlbedoMap2",
            "type": "textureHandle",
            "defaultValue": "systex:black"
          },
          {
            "name": "AlbedoMap3",
            "type": "textureHandle",
            "defaultValue": "systex:black"
          },
          {
            "name": "ParameterMap2",
            "type": "textureHandle",
            "defaultValue": "systex:default_material"
          },
          {
            "name": "ParameterMap3",
            "type": "textureHandle",
            "defaultValue": "systex:default_material"
          },
          {
            "name": "EmissiveMap2",
            "type": "textureHandle",
            "defaultValue": "systex:black"
          },
          {
            "name": "EmissiveMap3",
            "type": "textureHandle",
            "defaultValue": "systex:black"
          },
          {
            "name": "NormalMap2",
            "type": "textureHandle",
            "defaultValue": "systex:nobump"
          },
          {
            "name": "NormalMap3",
            "type": "textureHandle",
            "defaultValue": "systex:nobump"
          }
        ]
      },
      {
        "name": "Unlit",
        "vertexType": "3f|3f|2f|3f|3f",
        "desc": "Static material for standard meshes. Is not affected by lights.",
        "group": "No lighting",
        "passes": [
          {
            "batch": "Picking",
            "shader": "picking",
            "variation": "Static"
          },
          {
            "batch": "Unlit",
            "shader": "unlit",
            "variation": "Static"
          }
        ],
        "variables": [
          {
            "name": "AlbedoMap",
            "type": "texture2d",
            "defaultValue": "systex:placeholder"
          },
          {
            "name": "AlphaSensitivity",
            "type": "float",
            "defaultValue": 0.0,
            "min": 0.0,
            "max": 1.0,
            "desc": "Alpha clip sensitivity, every value below this will cause the pixel to become discarded"
          },
          {
            "name": "Brightness",
            "type": "float",
            "defaultValue": 0.0,
            "min": 0.0,
            "max": 2.0,
            "desc": "Multiplies with the diffuse color in order to adjust its intensity"
          }
        ]
      },
      {
        "name": "UnlitAlpha",
        "vertexType": "3f|3f|2f|3f|3f",
        "desc": "Static material for standard meshes but with support for alpha-blending. Is not affected by lights.",
        "group": "No lighting",
        "passes": [
          {
            "batch": "Picking",
            "shader": "picking",
            "variation": "Static"
          },
          {
            "batch": "Unlit",
            "shader": "unlit",
            "variation": "Alpha"
          }
        ],
        "variables": [
          {
            "name": "AlbedoMap",
            "type": "texture2d",
            "defaultValue": "systex:placeholder"
          },
          {
            "name": "AlphaSensitivity",
            "type": "float",
            "defaultValue": 0.0,
            "min": 0.0,
            "max": 1.0,
            "desc": "Alpha clip sensitivity, every value below this will cause the pixel to become discarded"
          },
          {
            "name": "Brightness",
            "type": "float",
            "defaultValue": 0.0,
            "min": 0.0,
            "max": 2.0,
            "desc": "Multiplies with the diffuse color in order to adjust its intensity"
          },
          {
            "name": "AlphaBlendFactor",
            "type": "float",
            "defaultValue": 1.0,
            "min": 0.0,
            "max": 1.0,
            "desc": "Level of transparency"
          }
        ]
      },
      {
        "name": "Particle",
        "virtual": true,
        "desc": "Base material for particles",
        "group": "Particles"
      },
      {
        "name": "ParticleUnlit",
        "vertexType": "2f|4f|4f|4f|4f|4f",
        "inherits": "Particle",
        "desc": "Standard unlit particle material.",
        "group": "Particles",
        "passes": [
          {
            "batch": "ParticleUnlit",
            "shader": "particle",
            "variation": "Unlit"
          }
        ],
        "variables": [
          {
            "name": "AlbedoMap",
            "type": "textureHandle",
            "defaultValue": "systex:placeholder"
          }
        ]
      },
      {
        "name": "ParticleUnlitAdditive",
        "vertexType": "2f|4f|4f|4f|4f|4f",
        "inherits": "Particle",
        "desc": "Unlit particle using an additive blending method.",
        "group": "Particles",
        "passes": [
          {
            "batch": "ParticleUnlit",
            "shader": "particle",
            "variation": "Unlit|Alt0"
          }
        ],
        "variables": [
          {
            "name": "AlbedoMap",
            "type": "textureHandle",
            "defaultValue": "systex:placeholder"
          }
        ]
      },
      {
        "name": "ParticleUnlitBlendAdd",
        "vertexType": "2f|4f|4f|4f|4f|4f",
        "inherits": "Particle",
        "desc": "Unlit particle using the blend-add method. These particles are easier to see in bright and dark environments.",
        "group": "Particles",
        "passes": [
          {
            "batch": "ParticleUnlit",
            "shader": "particle",
            "variation": "Unlit|Alt1"
          }
        ],
        "variables": [
          {
            "name": "AlbedoMap",
            "type": "textureHandle",
            "defaultValue": "systex:placeholder"
          }
        ]
      },
      {
        "name": "ParticleUnlitBlendAdd2Layers",
        "vertexType": "2f|4f|4f|4f|4f|4f",
        "inherits": "Particle",
        "desc": "Unlit particle using the blend-add method with two layers. Each layer is blended with the A * B * 2 method.",
        "group": "Particles",
        "passes": [
          {
            "batch": "ParticleUnlit",
            "shader": "particle",
            "variation": "Unlit|Alt2"
          }
        ],
        "variables": [
          {
            "name": "Layer1",
            "type": "textureHandle",
            "defaultValue": "systex:placeholder"
          },
          {
            "name": "Layer2",
            "type": "textureHandle",
            "defaultValue": "systex:placeholder"
          },
          {
            "name": "UVAnim1",
            "type": "vec2",
            "defaultValue": [
              0.0,
              0.0
            ],
            "max": [
              10.0,
              10.0
            ]
          },
          {
            "name": "UVAnim2",
            "type": "vec2",
            "defaultValue": [
              0.0,
              0.0
            ],
            "max": [
              10.0,
              10.0
            ]
          }
        ]
      },
      {
        "name": "ParticleUnlitBlendAdd3Layers",
        "vertexType": "2f|4f|4f|4f|4f|4f",
        "inherits": "Particle",
        "desc": "Unlit particle using the blend-add method with three layers. Each layer is blended with the A * B * 2 method.",
        "group": "Particles",
        "passes": [
          {
            "batch": "ParticleUnlit",
            "shader": "particle",
            "variation": "Unlit|Alt3"
          }
        ],
        "variables": [
          {
            "name": "Layer1",
            "type": "textureHandle",
            "defaultValue": "systex:placeholder"
          },
          {
            "name": "Layer2",
            "type": "textureHandle",
            "defaultValue": "systex:placeholder"
          },
          {
            "name": "Layer3",
            "type": "textureHandle",
            "defaultValue": "systex:placeholder"
          },
          {
            "name": "UVAnim1",
            "type": "vec2",
            "defaultValue": [
              0.0,
              0.0
            ],
            "max": [
              10.0,
              10.0
            ]
          },
          {
            "name": "UVAnim2",
            "type": "vec2",
            "defaultValue": [
              0.0,
              0.0
            ],
            "max": [
              10.0,
              10.0
            ]
          },
          {
            "name": "UVAnim3",
            "type": "vec2",
            "defaultValue": [
              0.0,
              0.0
            ],
            "max": [
              10.0,
              10.0
            ]
          }
        ]
      },
      {
        "passes": [
          {
            "batch": "ParticleUnlit",
            "shader": "particle",
            "variation": "Unlit|Alt4"
          }
        ],
        "variables": [
          {
            "name": "Layer1",
            "type": "texture2d",
            "defaultValue": "systex:placeholder"
          },
          {
            "name": "Layer2",
            "type": "texture2d",
            "defaultValue": "systex:placeholder"
          },
          {
            "name": "Layer3",
            "type": "texture2d",
            "defaultValue": "systex:placeholder"
          },
          {
            "name": "Layer4",
            "type": "texture2d",
            "defaultValue": "systex:placeholder"
          },
          {
            "name": "UVAnim1",
            "type": "vec2",
            "defaultValue": [
              0.0,
              0.0
            ],
            "max": [
              10.0,
              10.0
            ]
          },
          {
            "name": "UVAnim2",
            "type": "vec2",
            "defaultValue": [
              0.0,
              0.0
            ],
            "max": [
              10.0,
              10.0
            ]
          },
          {
            "name": "UVAnim3",
            "type": "vec2",
            "defaultValue": [
              0.0,
              0.0
            ],
            "max": [
              10.0,
              10.0
            ]
          },
          {
            "name": "UVAnim4",
            "type": "vec2",
            "defaultValue": [
              0.0,
              0.0
            ],
            "max": [
              10.0,
              10.0
            ]
          }
        ],
        "name": "ParticleUnlitBlendAdd4Layers",
        "vertexType": "2f|4f|4f|4f|4f|4f",
        "inherits": "Particle",
        "desc": "Unlit particle using the blend-add method with four layers, the fourth layer is used as a flat multiplier.",
        "group": "Particles"
      },
      {
        "name": "ParticleLit",
        "vertexType": "2f|4f|4f|4f|4f|4f",
        "inherits": "PBR + IBL|Particle",
        "desc": "Standard lit particle material.",
        "group": "Particles",
        "passes": [
          {
            "batch": "ParticleLit",
            "shader": "particle",
            "variation": "Static"
          },
          {
            "batch": "GlobalShadow",
            "shader": "particle",
            "variation": "Global"
          }
        ],
        "variables": [
          {
            "name": "AlbedoMap",
            "type": "textureHandle",
            "defaultValue": "systex:white"
          },
          {
            "name": "NormalMap",
            "type": "textureHandle",
            "defaultValue": "systex:nobump"
          },
          {
            "name": "ParameterMap",
            "type": "textureHandle",
            "defaultValue": "systex:default_material"
          },
          {
            "name": "Transmission",
            "type": "float",
            "defaultValue": 0.0
          }
        ]
      },
      {
        "name": "Billboard",
        "vertexType": "special",
        "desc": "Special material which is used internally for billboard rendering.",
        "group": "System",
        "passes": [
          {
            "batch": "Picking",
            "shader": "picking",
            "variation": "Alt0"
          },
          {
            "batch": "Unlit",
            "shader": "billboard",
            "variation": "Static"
          }
        ],
        "variables": [
          {
            "name": "AlbedoMap",
            "type": "texture2d",
            "defaultValue": "systex:placeholder",
            "system": true
          },
          {
            "name": "Color",
            "type": "vec4",
            "defaultValue": [
              1,
              1,
              1,
              1
            ],
            "system": true
          },
          {
            "name": "ViewAligned",
            "type": "bool",
            "defaultValue": false
          }
        ]
      },
      {
        "name": "Skybox",
        "vertexType": "special",
        "desc": "Special material which is used internally for skybox rendering.",
        "group": "System",
        "passes": [
          {
            "batch": "Background",
            "shader": "skybox",
            "variation": "Static"
          }
        ],
        "variables": [
          {
            "name": "SkyLayer1",
            "type": "textureHandle",
            "defaultValue": "systex:placeholder"
          },
          {
            "name": "SkyLayer2",
            "type": "textureHandle",
            "defaultValue": "systex:placeholder"
          },
          {
            "name": "SkyBlendFactor",
            "type": "float",
            "defaultValue": 0.0
          },
          {
            "name": "SkyRotationFactor",
            "type": "float",
            "defaultValue": 0.03
          }
        ]
      },
      {
        "name": "AreaLight",
        "vertexType": "special",
        "desc": "Emissive material used by area lights",
        "group": "System",
        "passes": [
          {
            "batch": "LightMeshes",
            "shader": "emissive",
            "variation": "Static"
          }
        ],
        "variables": [
          {
            "name": "EmissiveColor",
            "type": "vec4",
            "defaultValue": [1.0, 1.0, 1.0, 1.0]
          }
        ]
      },
      {
        "name": "Placeholder",
        "vertexType": "all",
        "desc": "Placeholder material which gets applied to a mesh if it doesn't yet have a shader",
        "group": "System",
        "passes": [
          {
            "batch": "DirectToColor",
            "shader": "placeholder",
            "variation": "Static"
          },
          {
            "batch": "Picking",
            "shader": "picking",
            "variation": "Static"
          }
        ],
        "variables": [
          {
            "name": "AlbedoMap",
            "type": "texture2d",
            "defaultValue": "systex:placeholder"
          }
        ]
      },
      {
        "name": "PlaceholderSkinned",
        "vertexType": "all",
        "desc": "Placeholder material which gets applied to a mesh if it doesn't yet have a shader, but is skinned.",
        "passes": [
          {
            "batch": "DirectToColor",
            "shader": "placeholder",
            "variation": "Skinned"
          },
          {
            "batch": "Picking",
            "shader": "picking",
            "variation": "Skinned"
          }
        ],
        "variables": [
          {
            "name": "AlbedoMap",
            "type": "texture2d",
            "defaultValue": "systex:placeholder"
          }
        ]
      }
    ]
  }
}