{
    "Nebula": {
        "Interfaces": [
            {
                "name": "Basic",
                "desc": "Simplest interface for shadows, billboards and unlit particles",
                "values": [
                    {
                        "name": "AlbedoMap",
                        "type": "textureHandle"
                    },
                    {
                        "name": "AlphaSensitivity",
                        "type": "float"
                    },
                    {
                        "name": "AlphaBlendFactor",
                        "type": "float"
                    }
                ]
            },
            {
                "name": "BRDF",
                "inherits": "Basic",
                "values": [
                    {
                        "name": "ParameterMap",
                        "type": "textureHandle"
                    },
                    {
                        "name": "MatAlbedoIntensity",
                        "type": "vec4"
                    },
                    {
                        "name": "MatSpecularIntensity",
                        "type": "vec4"
                    },
                    {
                        "name": "MatRoughnessIntensity",
                        "type": "float"
                    },
                    {
                        "name": "MatMetallicIntensity",
                        "type": "float"
                    },
                    {
                        "name": "NormalMap",
                        "type": "textureHandle"
                    }
                ]
            },
            {
                "name": "BSDF",
                "inherits": "Basic",
                "values": [
                    {
                        "name": "ParameterMap",
                        "type": "textureHandle"
                    },
                    {
                        "name": "MatAlbedoIntensity",
                        "type": "vec4"
                    },
                    {
                        "name": "MatSpecularIntensity",
                        "type": "vec4"
                    },
                    {
                        "name": "MatRoughnessIntensity",
                        "type": "float"
                    },
                    {
                        "name": "MatMetallicIntensity",
                        "type": "float"
                    },
                    {
                        "name": "NormalMap",
                        "type": "textureHandle"
                    },
                    {
                        "name": "Transmission",
                        "type": "float"
                    }
                ]
            },
            {
                "name": "Unlit",
                "inherits": "Basic",
                "values": [
                    {
                        "name": "Brightness",
                        "type": "float",
                        "desc": "Multiplies with the diffuse color in order to adjust its intensity"
                    }
                ]
            },
            {
                "name": "BlendAdd",
                "inherits": "Basic",
                "values": [
                    {
                        "name": "Brightness",
                        "type": "float",
                        "desc": "Multiplies with the diffuse color in order to adjust its intensity"
                    },
                    {
                        "name": "Layer2",
                        "type": "textureHandle"
                    },
                    {
                        "name": "Layer3",
                        "type": "textureHandle"
                    },
                    {
                        "name": "Layer4",
                        "type": "textureHandle"
                    },
                    {
                        "name": "UVAnim1",
                        "type": "vec2"
                    },
                    {
                        "name": "UVAnim2",
                        "type": "vec2"
                    },
                    {
                        "name": "UVAnim3",
                        "type": "vec2"
                    },
                    {
                        "name": "UVAnim4",
                        "type": "vec2"
                    }
                ]
            },
            {
                "name": "Billboard",
                "values": [
                    {
                        "name": "AlbedoMap",
                        "type": "textureHandle"
                    },
                    {
                        "name": "Color",
                        "type": "vec4"
                    },
                    {
                        "name": "ViewAligned",
                        "type": "bool"
                    }
                ]
            },
            {
                "name": "Skybox",
                "values": [
                    {
                        "name": "SkyLayer1",
                        "type": "textureHandle"
                    },
                    {
                        "name": "SkyLayer2",
                        "type": "textureHandle"
                    },
                    {
                        "name": "SkyBlendFactor",
                        "type": "float"
                    },
                    {
                        "name": "SkyRotationFactor",
                        "type": "float"
                    },
                    {
                        "name": "Contrast",
                        "type": "float"
                    },
                    {
                        "name": "Brightness",
                        "type": "float"
                    }
                ]
            },
            {
                "name": "Terrain",
                "values": [
                    {
                        "name": "LowresAlbedoFallback",
                        "type": "textureHandle"
                    },
                    {
                        "name": "LowresNormalFallback",
                        "type": "textureHandle"
                    },
                    {
                        "name": "LowresMaterialFallback",
                        "type": "textureHandle"
                    }
                ]
            },
            {
                "name": "Arealight",
                "values": [
                    {
                        "name": "EmissiveColor",
                        "type": "vec4"
                    }
                ]
            },
            {
                "name": "Placeholder",
                "values": [
                    {
                        "name": "AlbedoMap",
                        "type": "textureHandle"
                    }
                ]
            }
        ],
        "Templates": [
            {
                "name": "DefaultBRDF",
                "virtual": true,
                "interface": "BRDF",
                "desc": "Virtual material used for the default values for the BRDF material",
                "variables": [
                    {
                        "name": "MatAlbedoIntensity",
                        "defaultValue": [
                            1.0,
                            1.0,
                            1.0,
                            1.0
                        ],
                        "min": [
                            0.0,
                            0.0,
                            0.0,
                            0.0
                        ],
                        "max": [
                            10.0,
                            10.0,
                            10.0,
                            1.0
                        ],
                        "edit": "color",
                        "desc": "Material albedo multiplier"
                    },
                    {
                        "name": "MatSpecularIntensity",
                        "defaultValue": [
                            1.0,
                            1.0,
                            1.0,
                            1.0
                        ],
                        "min": [
                            0.0,
                            0.0,
                            0.0,
                            0.0
                        ],
                        "max": [
                            10.0,
                            10.0,
                            10.0,
                            1.0
                        ],
                        "edit": "color",
                        "desc": "Material specular reflectivity index"
                    },
                    {
                        "name": "AlphaSensitivity",
                        "defaultValue": 1.0
                    },
                    {
                        "name": "AlphaBlendFactor",
                        "defaultValue": 0.0
                    },
                    {
                        "name": "MatRoughnessIntensity",
                        "defaultValue": 1.0
                    },
                    {
                        "name": "MatMetallicIntensity",
                        "defaultValue": 1.0
                    },
                    {
                        "name": "AlbedoMap",
                        "defaultValue": "systex:placeholder.dds"
                    },
                    {
                        "name": "ParameterMap",
                        "defaultValue": "systex:default_material.dds"
                    },
                    {
                        "name": "NormalMap",
                        "defaultValue": "systex:nobump.dds"
                    }
                ]
            },
            {
                "name": "Static",
                "inherits": "DefaultBRDF",
                "vertexType": "VertexLayoutType::Normal",
                "desc": "Default BRDF material.",
                "group": "Standard",
                "passes": [
                    {
                        "batch": "Picking",
                        "shader": "system_shaders/picking",
                        "variation": "Static"
                    },
                    {
                        "batch": "SpotLightShadow",
                        "shader": "system_shaders/shadow",
                        "variation": "Static|Spot"
                    },
                    {
                        "batch": "PointLightShadow",
                        "shader": "system_shaders/shadow",
                        "variation": "Static|Point"
                    },
                    {
                        "batch": "GlobalShadow",
                        "shader": "system_shaders/shadow",
                        "variation": "Static|Global"
                    },
                    {
                        "batch": "FlatGeometryDepth",
                        "shader": "system_shaders/static",
                        "variation": "Static|Depth"
                    },
                    {
                        "batch": "FlatGeometryLit",
                        "shader": "system_shaders/static",
                        "variation": "Static|Environment"
                    }
                ]
            },
            {
                "name": "StaticAlphaTest",
                "inherits": "DefaultBRDF",
                "vertexType": "VertexLayoutType::Normal",
                "desc": "PBR + IBL based dielectric/metal material, but with added alpha testing.",
                "group": "Standard",
                "passes": [
                    {
                        "batch": "Picking",
                        "shader": "system_shaders/picking",
                        "variation": "Static"
                    },
                    {
                        "batch": "SpotLightShadow",
                        "shader": "system_shaders/shadow",
                        "variation": "Spot|Alpha"
                    },
                    {
                        "batch": "PointLightShadow",
                        "shader": "system_shaders/shadow",
                        "variation": "Point|Alpha"
                    },
                    {
                        "batch": "GlobalShadow",
                        "shader": "system_shaders/shadow",
                        "variation": "Global|Alpha"
                    },
                    {
                        "batch": "FlatGeometryDepth",
                        "shader": "system_shaders/static",
                        "variation": "Static|Depth|AlphaMask"
                    },
                    {
                        "batch": "FlatGeometryLit",
                        "shader": "system_shaders/static",
                        "variation": "Static|Environment|AlphaMask"
                    }
                ]
            },
            {
                "name": "StaticAlphaBlend",
                "inherits": "DefaultBRDF",
                "vertexType": "VertexLayoutType::Normal",
                "desc": "PBR + IBL based dielectric/metal material. With alpha blending.",
                "group": "Standard",
                "passes": [
                    {
                        "batch": "Picking",
                        "shader": "system_shaders/picking",
                        "variation": "Static"
                    },
                    {
                        "batch": "FlatGeometryAlphaLit",
                        "shader": "system_shaders/static",
                        "variation": "Static|Environment|Alpha"
                    }
                ]
            },
            {
                "name": "Skinned",
                "vertexType": "VertexLayoutType::Skin",
                "inherits": "DefaultBRDF",
                "desc": "Skinned version PBR + IBL based dielectric/metal material, but with added alpha testing.",
                "group": "Standard",
                "passes": [
                    {
                        "batch": "Picking",
                        "shader": "system_shaders/picking",
                        "variation": "Skinned"
                    },
                    {
                        "batch": "SpotLightShadow",
                        "shader": "system_shaders/shadow",
                        "variation": "Skinned|Spot"
                    },
                    {
                        "batch": "PointLightShadow",
                        "shader": "system_shaders/shadow",
                        "variation": "Skinned|Point"
                    },
                    {
                        "batch": "GlobalShadow",
                        "shader": "system_shaders/shadow",
                        "variation": "Skinned|Global"
                    },
                    {
                        "batch": "FlatGeometryDepth",
                        "shader": "system_shaders/skinned",
                        "variation": "Skinned|Depth"
                    },
                    {
                        "batch": "FlatGeometryLit",
                        "shader": "system_shaders/skinned",
                        "variation": "Skinned|Environment"
                    }
                ]
            },
            {
                "name": "SkinnedAlphaTest",
                "vertexType": "VertexLayoutType::Skin",
                "inherits": "DefaultBRDF",
                "desc": "Skinned version of the static PBR + IBL based dielectric/metal material, but with added alpha testing.",
                "group": "Standard",
                "passes": [
                    {
                        "batch": "Picking",
                        "shader": "system_shaders/picking",
                        "variation": "Skinned"
                    },
                    {
                        "batch": "SpotLightShadow",
                        "shader": "system_shaders/shadow",
                        "variation": "Skinned|Spot"
                    },
                    {
                        "batch": "PointLightShadow",
                        "shader": "system_shaders/shadow",
                        "variation": "Skinned|Point"
                    },
                    {
                        "batch": "GlobalShadow",
                        "shader": "system_shaders/shadow",
                        "variation": "Skinned|Global"
                    },
                    {
                        "batch": "FlatGeometryDepth",
                        "shader": "system_shaders/skinned",
                        "variation": "Skinned|Depth|AlphaMask"
                    },
                    {
                        "batch": "FlatGeometryLit",
                        "shader": "system_shaders/skinned",
                        "variation": "Skinned|Environment|AlphaMask"
                    }
                ]
            },
            {
                "name": "SkinnedAlphaBlend",
                "vertexType": "VertexLayoutType::Skin",
                "inherits": "DefaultBRDF",
                "desc": "Skinned material which uses a mesh with joint indices and joint weights, and is also alpha-blended. Useful for characters. Affected by lights.",
                "group": "Standard",
                "passes": [
                    {
                        "batch": "Picking",
                        "shader": "system_shaders/picking",
                        "variation": "Skinned"
                    },
                    {
                        "batch": "FlatGeometryAlphaLit",
                        "shader": "system_shaders/skinned",
                        "variation": "Skinned|Environment|Alpha"
                    }
                ]
            },
            {
                "name": "DefaultUnlit",
                "virtual": true,
                "desc": "Base material for unlit",
                "interface": "Unlit",
                "variables": [
                    {
                        "name": "AlbedoMap",
                        "defaultValue": "systex:placeholder.dds"
                    },
                    {
                        "name": "AlphaSensitivity",
                        "defaultValue": 1.0
                    },
                    {
                        "name": "AlphaBlendFactor",
                        "defaultValue": 0.0
                    },
                    {
                        "name": "Brightness",
                        "defaultValue": 1.0
                    }
                ]
            },
            {
                "name": "Unlit",
                "vertexType": "VertexLayoutType::Normal",
                "inherits": "DefaultUnlit",
                "desc": "Static material for standard meshes. Is not affected by lights.",
                "group": "No lighting",
                "passes": [
                    {
                        "batch": "Picking",
                        "shader": "system_shaders/picking",
                        "variation": "Static"
                    },
                    {
                        "batch": "Unlit",
                        "shader": "system_shaders/unlit",
                        "variation": "Static"
                    }
                ]
            },
            {
                "name": "UnlitAlpha",
                "vertexType": "VertexLayoutType::Normal",
                "inherits": "DefaultUnlit",
                "desc": "Static material for standard meshes but with support for alpha-blending. Is not affected by lights.",
                "group": "No lighting",
                "passes": [
                    {
                        "batch": "Picking",
                        "shader": "system_shaders/picking",
                        "variation": "Static"
                    },
                    {
                        "batch": "Unlit",
                        "shader": "system_shaders/unlit",
                        "variation": "Alpha"
                    }
                ]
            },
            {
                "name": "ParticleUnlit",
                "vertexType": "VertexLayoutType::Particle",
                "inherits": "DefaultUnlit",
                "desc": "Standard unlit particle material.",
                "group": "Particles",
                "passes": [
                    {
                        "batch": "ParticleUnlit",
                        "shader": "system_shaders/particle",
                        "variation": "Unlit"
                    }
                ]
            },
            {
                "name": "ParticleUnlitAdditive",
                "vertexType": "VertexLayoutType::Particle",
                "inherits": "DefaultUnlit",
                "desc": "Unlit particle using an additive blending method.",
                "group": "Particles",
                "passes": [
                    {
                        "batch": "ParticleUnlit",
                        "shader": "system_shaders/particle",
                        "variation": "Unlit|Alt0"
                    }
                ]
            },
            {
                "name": "ParticleUnlitBlendAdd",
                "vertexType": "VertexLayoutType::Particle",
                "inherits": "DefaultUnlit",
                "desc": "Unlit particle using the blend-add method. These particles are easier to see in bright and dark environments.",
                "group": "Particles",
                "passes": [
                    {
                        "batch": "ParticleUnlit",
                        "shader": "system_shaders/particle",
                        "variation": "Unlit|Alt1"
                    }
                ]
            },
            {
                "name": "DefaultBlendAdd",
                "virtual": true,
                "interface": "BlendAdd",
                "desc": "Base material for blendadd particles/billboards",
                "variables": [
                    {
                        "name": "AlbedoMap",
                        "defaultValue": "systex:placeholder.dds"
                    },
                    {
                        "name": "Layer2",
                        "defaultValue": "systex:placeholder.dds"
                    },
                    {
                        "name": "Layer3",
                        "defaultValue": "systex:placeholder.dds"
                    },
                    {
                        "name": "Layer4",
                        "defaultValue": "systex:placeholder.dds"
                    },
                    {
                        "name": "UVAnim1",
                        "defaultValue": [
                            0.0,
                            0.0
                        ],
                        "max": [
                            10.0,
                            10.0
                        ]
                    },
                    {
                        "name": "UVAnim2",
                        "defaultValue": [
                            0.0,
                            0.0
                        ],
                        "max": [
                            10.0,
                            10.0
                        ]
                    },
                    {
                        "name": "UVAnim3",
                        "defaultValue": [
                            0.0,
                            0.0
                        ],
                        "max": [
                            10.0,
                            10.0
                        ]
                    },
                    {
                        "name": "UVAnim4",
                        "defaultValue": [
                            0.0,
                            0.0
                        ],
                        "max": [
                            10.0,
                            10.0
                        ]
                    },
                    {
                        "name": "AlphaSensitivity",
                        "defaultValue": 1.0
                    },
                    {
                        "name": "AlphaBlendFactor",
                        "defaultValue": 0.0
                    },
                    {
                        "name": "Brightness",
                        "defaultValue": 1.0
                    }
                ]
            },
            {
                "name": "ParticleUnlitBlendAdd2Layers",
                "vertexType": "VertexLayoutType::Particle",
                "inherits": "DefaultBlendAdd",
                "desc": "Unlit particle using the blend-add method with two layers. Each layer is blended with the A * B * 2 method.",
                "group": "Particles",
                "passes": [
                    {
                        "batch": "ParticleUnlit",
                        "shader": "system_shaders/particle",
                        "variation": "Unlit|Alt2"
                    }
                ],
            },
            {
                "name": "ParticleUnlitBlendAdd3Layers",
                "vertexType": "VertexLayoutType::Particle",
                "inherits": "DefaultBlendAdd",
                "desc": "Unlit particle using the blend-add method with three layers. Each layer is blended with the A * B * 2 method.",
                "group": "Particles",
                "passes": [
                    {
                        "batch": "ParticleUnlit",
                        "shader": "system_shaders/particle",
                        "variation": "Unlit|Alt3"
                    }
                ]
            },
            {
                "name": "ParticleUnlitBlendAdd4Layers",
                "vertexType": "VertexLayoutType::Particle",
                "inherits": "DefaultBlendAdd",
                "desc": "Unlit particle using the blend-add method with four layers, the fourth layer is used as a flat multiplier.",
                "group": "Particles",
                "passes": [
                    {
                        "batch": "ParticleUnlit",
                        "shader": "system_shaders/particle",
                        "variation": "Unlit|Alt4"
                    }
                ]
            },
            {
                "name": "DefaultBSDF",
                "virtual": true,
                "desc": "Default BSDF (subsurface scattering) material",
                "interface": "BSDF",
                "variables": [
                    {
                        "name": "MatAlbedoIntensity",
                        "defaultValue": [
                            1.0,
                            1.0,
                            1.0,
                            1.0
                        ],
                        "min": [
                            0.0,
                            0.0,
                            0.0,
                            0.0
                        ],
                        "max": [
                            10.0,
                            10.0,
                            10.0,
                            1.0
                        ],
                        "edit": "color",
                        "desc": "Material albedo multiplier"
                    },
                    {
                        "name": "MatSpecularIntensity",
                        "defaultValue": [
                            1.0,
                            1.0,
                            1.0,
                            1.0
                        ],
                        "min": [
                            0.0,
                            0.0,
                            0.0,
                            0.0
                        ],
                        "max": [
                            10.0,
                            10.0,
                            10.0,
                            1.0
                        ],
                        "edit": "color",
                        "desc": "Material specular reflectivity index"
                    },
                    {
                        "name": "AlphaSensitivity",
                        "defaultValue": 1.0
                    },
                    {
                        "name": "AlphaBlendFactor",
                        "defaultValue": 0.0
                    },
                    {
                        "name": "MatRoughnessIntensity",
                        "defaultValue": 1.0
                    },
                    {
                        "name": "MatMetallicIntensity",
                        "defaultValue": 1.0
                    },
                    {
                        "name": "AlbedoMap",
                        "defaultValue": "systex:placeholder.dds"
                    },
                    {
                        "name": "ParameterMap",
                        "defaultValue": "systex:default_material.dds"
                    },
                    {
                        "name": "NormalMap",
                        "defaultValue": "systex:nobump.dds"
                    },
                    {
                        "name": "Transmission",
                        "defaultValue": 1.0
                    }
                ]
            },
            {
                "name": "ParticleLit",
                "vertexType": "VertexLayoutType::Particle",
                "inherits": "DefaultBSDF",
                "desc": "Standard lit particle material.",
                "group": "Particles",
                "passes": [
                    {
                        "batch": "ParticleLit",
                        "shader": "system_shaders/particle",
                        "variation": "Static"
                    },
                    {
                        "batch": "GlobalShadow",
                        "shader": "system_shaders/particle",
                        "variation": "Global"
                    }
                ]
            },
            {
                "name": "Billboard",
                "vertexType": "VertexLayoutType::Normal",
                "interface": "Billboard"
                "desc": "Special material which is used internally for billboard rendering.",
                "group": "System",
                "passes": [
                    {
                        "batch": "Picking",
                        "shader": "system_shaders/picking",
                        "variation": "Alt0"
                    },
                    {
                        "batch": "Unlit",
                        "shader": "system_shaders/billboard",
                        "variation": "Static"
                    }
                ],
                "variables": [
                    {
                        "name": "AlbedoMap",
                        "defaultValue": "systex:placeholder.dds",
                        "system": true
                    },
                    {
                        "name": "Color",
                        "defaultValue": [
                            1.0,
                            1.0,
                            1.0,
                            1.0
                        ],
                        "system": true
                    },
                    {
                        "name": "ViewAligned",
                        "defaultValue": false
                    }
                ]
            },
            {
                "name": "Skybox",
                "vertexType": "VertexLayoutType::Normal",
                "interface": "Skybox",
                "desc": "Special material which is used internally for skybox rendering.",
                "group": "System",
                "passes": [
                    {
                        "batch": "Background",
                        "shader": "system_shaders/skybox",
                        "variation": "Static"
                    }
                ],
                "variables": [
                    {
                        "name": "SkyLayer1",
                        "defaultValue": "systex:placeholder.dds"
                    },
                    {
                        "name": "SkyLayer2",
                        "defaultValue": "systex:placeholder.dds"
                    },
                    {
                        "name": "SkyBlendFactor",
                        "defaultValue": 0.0
                    },
                    {
                        "name": "SkyRotationFactor",
                        "defaultValue": 0.03
                    },
                    {
                        "name": "Contrast",
                        "defaultValue": 1.0
                    },
                    {
                        "name": "Brightness",
                        "defaultValue": 1.0
                    }
                ]
            },
            {
                "name": "AreaLight",
                "vertexType": "VertexLayoutType::Normal",
                "interface": "Arealight",
                "desc": "Emissive material used by area lights",
                "group": "System",
                "passes": [
                    {
                        "batch": "LightMeshes",
                        "shader": "system_shaders/emissive",
                        "variation": "Static"
                    }
                ],
                "variables": [
                    {
                        "name": "EmissiveColor",
                        "defaultValue": [ 1.0, 1.0, 1.0, 1.0 ]
                    }
                ]
            },
            {
                "name": "Placeholder",
                "vertexType": "VertexLayoutType::Normal",
                "interface": "Placeholder",
                "desc": "Placeholder material which gets applied to a mesh if it doesn't yet have a shader",
                "group": "System",
                "passes": [
                    {
                        "batch": "DirectToColor",
                        "shader": "system_shaders/placeholder",
                        "variation": "Static"
                    },
                    {
                        "batch": "Picking",
                        "shader": "system_shaders/picking",
                        "variation": "Static"
                    }
                ],
                "variables": [
                    {
                        "name": "AlbedoMap",
                        "type": "textureHandle",
                        "defaultValue": "systex:placeholder.dds"
                    }
                ]
            },
            {
                "name": "PlaceholderSkinned",
                "vertexType": "VertexLayoutType::Skin",
                "interface": "Placeholder",
                "desc": "Placeholder material which gets applied to a mesh if it doesn't yet have a shader, but is skinned.",
                "passes": [
                    {
                        "batch": "DirectToColor",
                        "shader": "system_shaders/placeholder",
                        "variation": "Skinned"
                    },
                    {
                        "batch": "Picking",
                        "shader": "system_shaders/picking",
                        "variation": "Skinned"
                    }
                ],
                "variables": [
                    {
                        "name": "AlbedoMap",
                        "type": "textureHandle",
                        "defaultValue": "systex:placeholder.dds"
                    }
                ]
            }
        ]
    }
}
