{
	"Nebula": {
		"Materials": [
			{
				"name": "GLTF Base",
				"virtual": true,
				"desc": "Base material for all GLTF materials",
				"group": "Standard",
				"variables": [
					{
					   "name": "baseColorTexture",
					   "type": "textureHandle",
					   "defaultValue": "systex:placeholder"
					},
					{
					   "name": "normalTexture",
					   "type": "textureHandle",
					   "defaultValue": "systex:nobump"
					},
					{
					   "name": "metallicRoughnessTexture",
					   "type": "textureHandle",
					   "defaultValue": "systex:default_material"
					},
					{
					   "name": "emissiveTexture",
					   "type": "textureHandle",
					   "defaultValue": "systex:white"
					},
					{
					   "name": "occlusionTexture",
					   "type": "textureHandle",
					   "defaultValue": "systex:white"
					},
					{
					   "name": "baseColorFactor",
					   "type": "vec4",
					   "defaultValue": [1.0, 1.0, 1.0, 1.0],
					   "max": [1.0, 1.0, 1.0, 1.0]
					},
					{
						"name": "emissiveFactor",
						"type": "vec4",
						"defaultValue": [0.0, 0.0, 0.0, 0.0]
					},
					{
						"name": "metallicFactor",
						"type": "float",
						"defaultValue": 1.0
					},
					{
						"name": "roughnessFactor",
						"type": "float",
						"defaultValue": 1.0
					},
					{
						"name": "normalScale",
						"type": "float",
						"defaultValue": 1.0
					}
				 ]
			},
			{
				"name": "GLTF Static",
				"inherits": "GLTF Base",
				"vertexType": "3f|3f|2f|3f|3f",
				"desc": "Standard material for static GLTF models",
				"group": "Standard",
				"passes": [
					{
						"batch": "Picking",
						"shader": "picking",
						"variation": "Static"
					},
					{
						"batch": "SpotLightShadow",
						"shader": "shadow",
						"variation": "Static|Spot"
					},
					{
						"batch": "PointLightShadow",
						"shader": "shadow",
						"variation": "Static|Point"
					},
					{
						"batch": "GlobalShadow",
						"shader": "shadow",
						"variation": "Static|Global"
					},
					{
						"batch": "FlatGeometryDepth",
						"shader": "static",
						"variation": "Static|Depth"
					},
					{
						"batch": "FlatGeometryLit",
						"shader": "gltf",
						"variation": "Static"
					}
				]
			},
			{
				"name": "GLTF Static + DoubleSided",
				"inherits": "GLTF Base",
				"vertexType": "3f|3f|2f|3f|3f",
				"desc": "Standard material for double sided static GLTF models",
				"group": "Standard",
				"passes": [
					{
						"batch": "Picking",
						"shader": "picking",
						"variation": "Static"
					},
					{
						"batch": "SpotLightShadow",
						"shader": "shadow",
						"variation": "Static|Spot"
					},
					{
						"batch": "PointLightShadow",
						"shader": "shadow",
						"variation": "Static|Point"
					},
					{
						"batch": "GlobalShadow",
						"shader": "shadow",
						"variation": "Static|Global"
					},
					{
						"batch": "FlatGeometryDepth",
						"shader": "static",
						"variation": "Static|Depth|DoubleSided"
					},
					{
						"batch": "FlatGeometryLit",
						"shader": "gltf",
						"variation": "Static|DoubleSided"
					}
				]
			},
			{
				"name": "GLTF Static + AlphaMask",
				"inherits": "GLTF Base",
				"vertexType": "3f|3f|2f|3f|3f",
				"desc": "Standard material for alpha masked static GLTF models",
				"group": "Standard",
				"variables": [
					{
						"name": "alphaCutoff",
						"type": "float",
						"defaultValue": 0.0
					}
				],
				"passes": [
					{
						"batch": "Picking",
						"shader": "picking",
						"variation": "Static"
					},
					{
						"batch": "SpotLightShadow",
						"shader": "shadow",
						"variation": "Static|Spot"
					},
					{
						"batch": "PointLightShadow",
						"shader": "shadow",
						"variation": "Static|Point"
					},
					{
						"batch": "GlobalShadow",
						"shader": "shadow",
						"variation": "Static|Global"
					},
					{
						"batch": "FlatGeometryDepth",
						"shader": "gltf",
						"variation": "Static|Depth|AlphaMask"
					},
					{
						"batch": "FlatGeometryLit",
						"shader": "gltf",
						"variation": "Static|AlphaMask"
					}
				]
			},
			{
				"name": "GLTF Static + AlphaMask + DoubleSided",
				"inherits": "GLTF Base",
				"vertexType": "3f|3f|2f|3f|3f",
				"desc": "Standard material for doublesided, alpha masked static GLTF models",
				"group": "Standard",
				"variables": [
					{
						"name": "alphaCutoff",
						"type": "float",
						"defaultValue": 0.0
					}
				],
				"passes": [
					{
						"batch": "Picking",
						"shader": "picking",
						"variation": "Static"
					},
					{
						"batch": "SpotLightShadow",
						"shader": "shadow",
						"variation": "Static|Spot"
					},
					{
						"batch": "PointLightShadow",
						"shader": "shadow",
						"variation": "Static|Point"
					},
					{
						"batch": "GlobalShadow",
						"shader": "shadow",
						"variation": "Static|Global"
					},
					{
						"batch": "FlatGeometryDepth",
						"shader": "gltf",
						"variation": "Static|Depth|AlphaMask|DoubleSided"
					},
					{
						"batch": "FlatGeometryLit",
						"shader": "gltf",
						"variation": "Static|AlphaMask|DoubleSided"
					}
				]
			},
			{
				"name": "GLTF Static + AlphaBlend",
				"inherits": "GLTF Base",
				"vertexType": "3f|3f|2f|3f|3f",
				"desc": "Standard material for alpha blended static GLTF models",
				"group": "Standard",
				"passes": [
					{
						"batch": "Picking",
						"shader": "picking",
						"variation": "Static"
					},
					{
						"batch": "SpotLightShadow",
						"shader": "shadow",
						"variation": "Static|Spot"
					},
					{
						"batch": "PointLightShadow",
						"shader": "shadow",
						"variation": "Static|Point"
					},
					{
						"batch": "GlobalShadow",
						"shader": "shadow",
						"variation": "Static|Global"
					},
					{
						"batch": "FlatGeometryAlphaLit",
						"shader": "gltf",
						"variation": "Static|AlphaBlend"
					}
				]
			},
			{
				"name": "GLTF Static + AlphaBlend + DoubleSided",
				"inherits": "GLTF Base",
				"vertexType": "3f|3f|2f|3f|3f",
				"desc": "Standard material for alpha blended, double sided static GLTF models",
				"group": "Standard",
				"passes": [
					{
						"batch": "Picking",
						"shader": "picking",
						"variation": "Static"
					},
					{
						"batch": "SpotLightShadow",
						"shader": "shadow",
						"variation": "Static|Spot"
					},
					{
						"batch": "PointLightShadow",
						"shader": "shadow",
						"variation": "Static|Point"
					},
					{
						"batch": "GlobalShadow",
						"shader": "shadow",
						"variation": "Static|Global"
					},
					{
						"batch": "FlatGeometryAlphaLit",
						"shader": "gltf",
						"variation": "Static|AlphaBlend|DoubleSided"
					}
				]
			}
		]
	}
}